{
  "project_info": {
    "project_number": "277564931572",
    "firebase_url": "https://iot-app-example-default-rtdb.firebaseio.com",
    "project_id": "iot-app-example",
    "storage_bucket": "iot-app-example.firebasestorage.app"
  },
  "client": [
    {
      "client_info": {
        "mobilesdk_app_id": "1:277564931572:android:b389bac356a5035f898da1",
        "android_client_info": {
          "package_name": "com.example.iotapps"
        }
      },
      "oauth_client": [],
      "api_key": [
        {
          "current_key": "AIzaSyC6nWH0lkhk_atUvITmytaoUlKnTMqmpHI"
        }
      ],
      "services": {
        "appinvite_service": {
          "other_platform_oauth_client": []
        }
      }
    }
  ],
  "configuration_version": "1"
}